Ignore Changes,Cell ID,Hidden Is Selected,Is Selected,Hidden Is Enabled,Is Enabled,Hidden Is Critical,Is Critical,UFO Linux Graphics Driver,Operating System,XCode HSW machine,Operation
FALSE,1,TRUE,TRUE,TRUE,TRUE,FALSE,FALSE,prod-alpha-linux-main-25111,Linux CENTOS 7 64-bit kernel 3.10,XCODE - HSW 2014,CQP_Testsuite_Encode_Linux_BDW_CENTOS_autoGFT scenarioFile=HSW_AVC_mencoder_CQP_Prog.csv TestID=1.AVC_ENCODE.PRG.baseline.720x480p
FALSE,2,TRUE,TRUE,TRUE,TRUE,FALSE,FALSE,prod-alpha-linux-main-25111,Linux CENTOS 7 64-bit kernel 3.10,XCODE - HSW 2014,CQP_Testsuite_Encode_Linux_BDW_CENTOS_autoGFT scenarioFile=HSW_AVC_mencoder_CQP_Prog.csv TestID=2.AVC_ENCODE.PRG.Cons_baseline.720x480p
FALSE,3,TRUE,TRUE,TRUE,TRUE,FALSE,FALSE,prod-alpha-linux-main-25111,Linux CENTOS 7 64-bit kernel 3.10,XCODE - HSW 2014,CQP_Testsuite_Encode_Linux_BDW_CENTOS_autoGFT scenarioFile=HSW_AVC_mencoder_CQP_Prog.csv TestID=3.AVC_ENCODE.PRG.Main_CAVLC.720x480p
FALSE,4,TRUE,TRUE,TRUE,TRUE,FALSE,FALSE,prod-alpha-linux-main-25111,Linux CENTOS 7 64-bit kernel 3.10,XCODE - HSW 2014,CQP_Testsuite_Encode_Linux_BDW_CENTOS_autoGFT scenarioFile=HSW_AVC_mencoder_CQP_Prog.csv TestID=4.AVC_ENCODE.PRG.Main_CABAC.720x480p
FALSE,5,TRUE,TRUE,TRUE,TRUE,FALSE,FALSE,prod-alpha-linux-main-25111,Linux CENTOS 7 64-bit kernel 3.10,XCODE - HSW 2014,CQP_Testsuite_Encode_Linux_BDW_CENTOS_autoGFT scenarioFile=HSW_AVC_mencoder_CQP_Prog.csv TestID=5.AVC_ENCODE.PRG.High_CABAC.720x480p
FALSE,6,TRUE,TRUE,TRUE,TRUE,FALSE,FALSE,prod-alpha-linux-main-25111,Linux CENTOS 7 64-bit kernel 3.10,XCODE - HSW 2014,CQP_Testsuite_Encode_Linux_BDW_CENTOS_autoGFT scenarioFile=HSW_AVC_mencoder_CQP_Prog.csv TestID=6.AVC_ENCODE.PRG.High_CAVLC.720x480p
FALSE,7,TRUE,TRUE,TRUE,TRUE,FALSE,FALSE,prod-alpha-linux-main-25111,Linux CENTOS 7 64-bit kernel 3.10,XCODE - HSW 2014,CQP_Testsuite_Encode_Linux_BDW_CENTOS_autoGFT scenarioFile=HSW_AVC_mencoder_CQP_Prog.csv TestID=7.AVC_ENCODE.PRG.baseline.1920x1080p
FALSE,8,TRUE,TRUE,TRUE,TRUE,FALSE,FALSE,prod-alpha-linux-main-25111,Linux CENTOS 7 64-bit kernel 3.10,XCODE - HSW 2014,CQP_Testsuite_Encode_Linux_BDW_CENTOS_autoGFT scenarioFile=HSW_AVC_mencoder_CQP_Prog.csv TestID=8.AVC_ENCODE.PRG.Cons_baseline.1920x1080p
FALSE,9,TRUE,TRUE,TRUE,TRUE,FALSE,FALSE,prod-alpha-linux-main-25111,Linux CENTOS 7 64-bit kernel 3.10,XCODE - HSW 2014,CQP_Testsuite_Encode_Linux_BDW_CENTOS_autoGFT scenarioFile=HSW_AVC_mencoder_CQP_Prog.csv TestID=9.AVC_ENCODE.PRG.Main_CABAC.1920x1080p
FALSE,10,TRUE,TRUE,TRUE,TRUE,FALSE,FALSE,prod-alpha-linux-main-25111,Linux CENTOS 7 64-bit kernel 3.10,XCODE - HSW 2014,CQP_Testsuite_Encode_Linux_BDW_CENTOS_autoGFT scenarioFile=HSW_AVC_mencoder_CQP_Prog.csv TestID=10.AVC_ENCODE.PRG.Main_CAVLC.1920x1080p
FALSE,11,TRUE,TRUE,TRUE,TRUE,FALSE,FALSE,prod-alpha-linux-main-25111,Linux CENTOS 7 64-bit kernel 3.10,XCODE - HSW 2014,CQP_Testsuite_Encode_Linux_BDW_CENTOS_autoGFT scenarioFile=HSW_AVC_mencoder_CQP_Prog.csv TestID=11.AVC_ENCODE.PRG.High_CAVLC.1920x1080p
FALSE,12,TRUE,TRUE,TRUE,TRUE,FALSE,FALSE,prod-alpha-linux-main-25111,Linux CENTOS 7 64-bit kernel 3.10,XCODE - HSW 2014,CQP_Testsuite_Encode_Linux_BDW_CENTOS_autoGFT scenarioFile=HSW_AVC_mencoder_CQP_Prog.csv TestID=12.AVC_ENCODE.PRG.High_CABAC.1920x1080p
FALSE,13,TRUE,TRUE,TRUE,TRUE,FALSE,FALSE,prod-alpha-linux-main-25111,Linux CENTOS 7 64-bit kernel 3.10,XCODE - HSW 2014,CQP_Testsuite_Encode_Linux_BDW_CENTOS_autoGFT scenarioFile=HSW_AVC_mencoder_CQP_Prog.csv TestID=13.AVC_ENCODE.PRG.baseline.1280x720p
FALSE,14,TRUE,TRUE,TRUE,TRUE,FALSE,FALSE,prod-alpha-linux-main-25111,Linux CENTOS 7 64-bit kernel 3.10,XCODE - HSW 2014,CQP_Testsuite_Encode_Linux_BDW_CENTOS_autoGFT scenarioFile=HSW_AVC_mencoder_CQP_Prog.csv TestID=14.AVC_ENCODE.PRG.Cons_baseline.1280x720p
FALSE,15,TRUE,TRUE,TRUE,TRUE,FALSE,FALSE,prod-alpha-linux-main-25111,Linux CENTOS 7 64-bit kernel 3.10,XCODE - HSW 2014,CQP_Testsuite_Encode_Linux_BDW_CENTOS_autoGFT scenarioFile=HSW_AVC_mencoder_CQP_Prog.csv TestID=15.AVC_ENCODE.PRG.Main_CABAC.1280x720p
FALSE,16,TRUE,TRUE,TRUE,TRUE,FALSE,FALSE,prod-alpha-linux-main-25111,Linux CENTOS 7 64-bit kernel 3.10,XCODE - HSW 2014,CQP_Testsuite_Encode_Linux_BDW_CENTOS_autoGFT scenarioFile=HSW_AVC_mencoder_CQP_Prog.csv TestID=16.AVC_ENCODE.PRG.Main_CAVLC.1280x720p
FALSE,17,TRUE,TRUE,TRUE,TRUE,FALSE,FALSE,prod-alpha-linux-main-25111,Linux CENTOS 7 64-bit kernel 3.10,XCODE - HSW 2014,CQP_Testsuite_Encode_Linux_BDW_CENTOS_autoGFT scenarioFile=HSW_AVC_mencoder_CQP_Prog.csv TestID=17.AVC_ENCODE.PRG.High_CABAC.1280x720p
FALSE,18,TRUE,TRUE,TRUE,TRUE,FALSE,FALSE,prod-alpha-linux-main-25111,Linux CENTOS 7 64-bit kernel 3.10,XCODE - HSW 2014,CQP_Testsuite_Encode_Linux_BDW_CENTOS_autoGFT scenarioFile=HSW_AVC_mencoder_CQP_Prog.csv TestID=18.AVC_ENCODE.PRG.High_CAVLC.1280x720p
FALSE,19,TRUE,TRUE,TRUE,TRUE,FALSE,FALSE,prod-alpha-linux-main-25111,Linux CENTOS 7 64-bit kernel 3.10,XCODE - HSW 2014,CQP_Testsuite_Encode_Linux_BDW_CENTOS_autoGFT scenarioFile=HSW_AVC_mencoder_CQP_Prog.csv TestID=19.AVC_ENCODE.PRG.baseline.176x144p
FALSE,20,TRUE,TRUE,TRUE,TRUE,FALSE,FALSE,prod-alpha-linux-main-25111,Linux CENTOS 7 64-bit kernel 3.10,XCODE - HSW 2014,CQP_Testsuite_Encode_Linux_BDW_CENTOS_autoGFT scenarioFile=HSW_AVC_mencoder_CQP_Prog.csv TestID=20.AVC_ENCODE.PRG.Cons_baseline.176x144p
FALSE,21,TRUE,TRUE,TRUE,TRUE,FALSE,FALSE,prod-alpha-linux-main-25111,Linux CENTOS 7 64-bit kernel 3.10,XCODE - HSW 2014,CQP_Testsuite_Encode_Linux_BDW_CENTOS_autoGFT scenarioFile=HSW_AVC_mencoder_CQP_Prog.csv TestID=21.AVC_ENCODE.PRG.Main_CAVLC.176x144p
FALSE,22,TRUE,TRUE,TRUE,TRUE,FALSE,FALSE,prod-alpha-linux-main-25111,Linux CENTOS 7 64-bit kernel 3.10,XCODE - HSW 2014,CQP_Testsuite_Encode_Linux_BDW_CENTOS_autoGFT scenarioFile=HSW_AVC_mencoder_CQP_Prog.csv TestID=22.AVC_ENCODE.PRG.Main_CABAC.176x144p
FALSE,23,TRUE,TRUE,TRUE,TRUE,FALSE,FALSE,prod-alpha-linux-main-25111,Linux CENTOS 7 64-bit kernel 3.10,XCODE - HSW 2014,CQP_Testsuite_Encode_Linux_BDW_CENTOS_autoGFT scenarioFile=HSW_AVC_mencoder_CQP_Prog.csv TestID=23.AVC_ENCODE.PRG.High_CAVLC.176x144p
FALSE,24,TRUE,TRUE,TRUE,TRUE,FALSE,FALSE,prod-alpha-linux-main-25111,Linux CENTOS 7 64-bit kernel 3.10,XCODE - HSW 2014,CQP_Testsuite_Encode_Linux_BDW_CENTOS_autoGFT scenarioFile=HSW_AVC_mencoder_CQP_Prog.csv TestID=24.AVC_ENCODE.PRG.High_CABAC.176x144p
FALSE,25,TRUE,TRUE,TRUE,TRUE,FALSE,FALSE,prod-alpha-linux-main-25111,Linux CENTOS 7 64-bit kernel 3.10,XCODE - HSW 2014,CQP_Testsuite_Encode_Linux_BDW_CENTOS_autoGFT scenarioFile=HSW_AVC_mencoder_CQP_Prog.csv TestID=25.AVC_ENCODE.PRG.baseline.320x240p
FALSE,26,TRUE,TRUE,TRUE,TRUE,FALSE,FALSE,prod-alpha-linux-main-25111,Linux CENTOS 7 64-bit kernel 3.10,XCODE - HSW 2014,CQP_Testsuite_Encode_Linux_BDW_CENTOS_autoGFT scenarioFile=HSW_AVC_mencoder_CQP_Prog.csv TestID=26.AVC_ENCODE.PRG.Cons_baseline.320x240p
FALSE,27,TRUE,TRUE,TRUE,TRUE,FALSE,FALSE,prod-alpha-linux-main-25111,Linux CENTOS 7 64-bit kernel 3.10,XCODE - HSW 2014,CQP_Testsuite_Encode_Linux_BDW_CENTOS_autoGFT scenarioFile=HSW_AVC_mencoder_CQP_Prog.csv TestID=27.AVC_ENCODE.PRG.Main_CABAC.320x240p
FALSE,28,TRUE,TRUE,TRUE,TRUE,FALSE,FALSE,prod-alpha-linux-main-25111,Linux CENTOS 7 64-bit kernel 3.10,XCODE - HSW 2014,CQP_Testsuite_Encode_Linux_BDW_CENTOS_autoGFT scenarioFile=HSW_AVC_mencoder_CQP_Prog.csv TestID=28.AVC_ENCODE.PRG.Main_CAVLC.320x240p
FALSE,29,TRUE,TRUE,TRUE,TRUE,FALSE,FALSE,prod-alpha-linux-main-25111,Linux CENTOS 7 64-bit kernel 3.10,XCODE - HSW 2014,CQP_Testsuite_Encode_Linux_BDW_CENTOS_autoGFT scenarioFile=HSW_AVC_mencoder_CQP_Prog.csv TestID=29.AVC_ENCODE.PRG.High_CABAC.320x240p
FALSE,30,TRUE,TRUE,TRUE,TRUE,FALSE,FALSE,prod-alpha-linux-main-25111,Linux CENTOS 7 64-bit kernel 3.10,XCODE - HSW 2014,CQP_Testsuite_Encode_Linux_BDW_CENTOS_autoGFT scenarioFile=HSW_AVC_mencoder_CQP_Prog.csv TestID=30.AVC_ENCODE.PRG.High_CAVLC.320x240p
FALSE,31,TRUE,TRUE,TRUE,TRUE,FALSE,FALSE,prod-alpha-linux-main-25111,Linux CENTOS 7 64-bit kernel 3.10,XCODE - HSW 2014,CQP_Testsuite_Encode_Linux_BDW_CENTOS_autoGFT scenarioFile=HSW_AVC_mencoder_CQP_Prog.csv TestID=31.AVC_ENCODE.PRG.baseline.320x180p
FALSE,32,TRUE,TRUE,TRUE,TRUE,FALSE,FALSE,prod-alpha-linux-main-25111,Linux CENTOS 7 64-bit kernel 3.10,XCODE - HSW 2014,CQP_Testsuite_Encode_Linux_BDW_CENTOS_autoGFT scenarioFile=HSW_AVC_mencoder_CQP_Prog.csv TestID=32.AVC_ENCODE.PRG.Cons_baseline.320x180p
FALSE,33,TRUE,TRUE,TRUE,TRUE,FALSE,FALSE,prod-alpha-linux-main-25111,Linux CENTOS 7 64-bit kernel 3.10,XCODE - HSW 2014,CQP_Testsuite_Encode_Linux_BDW_CENTOS_autoGFT scenarioFile=HSW_AVC_mencoder_CQP_Prog.csv TestID=33.AVC_ENCODE.PRG.Main_CABAC.320x180p
FALSE,34,TRUE,TRUE,TRUE,TRUE,FALSE,FALSE,prod-alpha-linux-main-25111,Linux CENTOS 7 64-bit kernel 3.10,XCODE - HSW 2014,CQP_Testsuite_Encode_Linux_BDW_CENTOS_autoGFT scenarioFile=HSW_AVC_mencoder_CQP_Prog.csv TestID=34.AVC_ENCODE.PRG.Main_CAVLC.320x180p
FALSE,35,TRUE,TRUE,TRUE,TRUE,FALSE,FALSE,prod-alpha-linux-main-25111,Linux CENTOS 7 64-bit kernel 3.10,XCODE - HSW 2014,CQP_Testsuite_Encode_Linux_BDW_CENTOS_autoGFT scenarioFile=HSW_AVC_mencoder_CQP_Prog.csv TestID=35.AVC_ENCODE.PRG.High_CAVLC.320x180p
FALSE,36,TRUE,TRUE,TRUE,TRUE,FALSE,FALSE,prod-alpha-linux-main-25111,Linux CENTOS 7 64-bit kernel 3.10,XCODE - HSW 2014,CQP_Testsuite_Encode_Linux_BDW_CENTOS_autoGFT scenarioFile=HSW_AVC_mencoder_CQP_Prog.csv TestID=36.AVC_ENCODE.PRG.High_CABAC.320x180p
FALSE,37,TRUE,TRUE,TRUE,TRUE,FALSE,FALSE,prod-alpha-linux-main-25111,Linux CENTOS 7 64-bit kernel 3.10,XCODE - HSW 2014,CQP_Testsuite_Encode_Linux_BDW_CENTOS_autoGFT scenarioFile=HSW_AVC_mencoder_CQP_Prog.csv TestID=37.AVC_ENCODE.PRG.baseline.640x360p
FALSE,38,TRUE,TRUE,TRUE,TRUE,FALSE,FALSE,prod-alpha-linux-main-25111,Linux CENTOS 7 64-bit kernel 3.10,XCODE - HSW 2014,CQP_Testsuite_Encode_Linux_BDW_CENTOS_autoGFT scenarioFile=HSW_AVC_mencoder_CQP_Prog.csv TestID=38.AVC_ENCODE.PRG.Cons_baseline.640x360p
FALSE,39,TRUE,TRUE,TRUE,TRUE,FALSE,FALSE,prod-alpha-linux-main-25111,Linux CENTOS 7 64-bit kernel 3.10,XCODE - HSW 2014,CQP_Testsuite_Encode_Linux_BDW_CENTOS_autoGFT scenarioFile=HSW_AVC_mencoder_CQP_Prog.csv TestID=39.AVC_ENCODE.PRG.Main_CABAC.640x360p
FALSE,40,TRUE,TRUE,TRUE,TRUE,FALSE,FALSE,prod-alpha-linux-main-25111,Linux CENTOS 7 64-bit kernel 3.10,XCODE - HSW 2014,CQP_Testsuite_Encode_Linux_BDW_CENTOS_autoGFT scenarioFile=HSW_AVC_mencoder_CQP_Prog.csv TestID=40.AVC_ENCODE.PRG.Main_CAVLC.640x360p
FALSE,41,TRUE,TRUE,TRUE,TRUE,FALSE,FALSE,prod-alpha-linux-main-25111,Linux CENTOS 7 64-bit kernel 3.10,XCODE - HSW 2014,CQP_Testsuite_Encode_Linux_BDW_CENTOS_autoGFT scenarioFile=HSW_AVC_mencoder_CQP_Prog.csv TestID=41.AVC_ENCODE.PRG.High_CABAC.640x360p
FALSE,42,TRUE,TRUE,TRUE,TRUE,FALSE,FALSE,prod-alpha-linux-main-25111,Linux CENTOS 7 64-bit kernel 3.10,XCODE - HSW 2014,CQP_Testsuite_Encode_Linux_BDW_CENTOS_autoGFT scenarioFile=HSW_AVC_mencoder_CQP_Prog.csv TestID=42.AVC_ENCODE.PRG.High_CAVLC.640x360p
FALSE,43,TRUE,TRUE,TRUE,TRUE,FALSE,FALSE,prod-alpha-linux-main-25111,Linux CENTOS 7 64-bit kernel 3.10,XCODE - HSW 2014,CQP_Testsuite_Encode_Linux_BDW_CENTOS_autoGFT scenarioFile=HSW_AVC_mencoder_CQP_Prog.csv TestID=43.AVC_ENCODE.PRG.baseline.480x320p
FALSE,44,TRUE,TRUE,TRUE,TRUE,FALSE,FALSE,prod-alpha-linux-main-25111,Linux CENTOS 7 64-bit kernel 3.10,XCODE - HSW 2014,CQP_Testsuite_Encode_Linux_BDW_CENTOS_autoGFT scenarioFile=HSW_AVC_mencoder_CQP_Prog.csv TestID=44.AVC_ENCODE.PRG.Cons_baseline.480x320p
FALSE,45,TRUE,TRUE,TRUE,TRUE,FALSE,FALSE,prod-alpha-linux-main-25111,Linux CENTOS 7 64-bit kernel 3.10,XCODE - HSW 2014,CQP_Testsuite_Encode_Linux_BDW_CENTOS_autoGFT scenarioFile=HSW_AVC_mencoder_CQP_Prog.csv TestID=45.AVC_ENCODE.PRG.Main_CABAC.480x320p
FALSE,46,TRUE,TRUE,TRUE,TRUE,FALSE,FALSE,prod-alpha-linux-main-25111,Linux CENTOS 7 64-bit kernel 3.10,XCODE - HSW 2014,CQP_Testsuite_Encode_Linux_BDW_CENTOS_autoGFT scenarioFile=HSW_AVC_mencoder_CQP_Prog.csv TestID=46.AVC_ENCODE.PRG.Main_CAVLC.480x320p
FALSE,47,TRUE,TRUE,TRUE,TRUE,FALSE,FALSE,prod-alpha-linux-main-25111,Linux CENTOS 7 64-bit kernel 3.10,XCODE - HSW 2014,CQP_Testsuite_Encode_Linux_BDW_CENTOS_autoGFT scenarioFile=HSW_AVC_mencoder_CQP_Prog.csv TestID=47.AVC_ENCODE.PRG.High_CABAC.480x320p
FALSE,48,TRUE,TRUE,TRUE,TRUE,FALSE,FALSE,prod-alpha-linux-main-25111,Linux CENTOS 7 64-bit kernel 3.10,XCODE - HSW 2014,CQP_Testsuite_Encode_Linux_BDW_CENTOS_autoGFT scenarioFile=HSW_AVC_mencoder_CQP_Prog.csv TestID=48.AVC_ENCODE.PRG.High_CAVLC.480x320p
FALSE,49,TRUE,TRUE,TRUE,TRUE,FALSE,FALSE,prod-alpha-linux-main-25111,Linux CENTOS 7 64-bit kernel 3.10,XCODE - HSW 2014,CQP_Testsuite_Encode_Linux_BDW_CENTOS_autoGFT scenarioFile=HSW_AVC_mencoder_CQP_Prog.csv TestID=49.AVC_ENCODE.PRG.baseline.366x208p
FALSE,50,TRUE,TRUE,TRUE,TRUE,FALSE,FALSE,prod-alpha-linux-main-25111,Linux CENTOS 7 64-bit kernel 3.10,XCODE - HSW 2014,CQP_Testsuite_Encode_Linux_BDW_CENTOS_autoGFT scenarioFile=HSW_AVC_mencoder_CQP_Prog.csv TestID=50.AVC_ENCODE.PRG.High.366x208p
FALSE,51,TRUE,TRUE,TRUE,TRUE,FALSE,FALSE,prod-alpha-linux-main-25111,Linux CENTOS 7 64-bit kernel 3.10,XCODE - HSW 2014,CQP_Testsuite_Encode_Linux_BDW_CENTOS_autoGFT scenarioFile=HSW_AVC_mencoder_CQP_Prog.csv TestID=51.AVC_ENCODE.PRG.Main.366x208p
FALSE,52,TRUE,TRUE,TRUE,TRUE,FALSE,FALSE,prod-alpha-linux-main-25111,Linux CENTOS 7 64-bit kernel 3.10,XCODE - HSW 2014,CBR_Testsuite_Encode_Linux_BDW_CENTOS_autoGFT scenarioFile=HSW_AVC_mencoder_CBR_Prog.csv TestID=1.AVC_ENCODE.PRG.baseline.720x480p
FALSE,53,TRUE,TRUE,TRUE,TRUE,FALSE,FALSE,prod-alpha-linux-main-25111,Linux CENTOS 7 64-bit kernel 3.10,XCODE - HSW 2014,CBR_Testsuite_Encode_Linux_BDW_CENTOS_autoGFT scenarioFile=HSW_AVC_mencoder_CBR_Prog.csv TestID=11.AVC_ENCODE.PRG.High_CAVLC.1920x1080p
FALSE,54,TRUE,TRUE,TRUE,TRUE,FALSE,FALSE,prod-alpha-linux-main-25111,Linux CENTOS 7 64-bit kernel 3.10,XCODE - HSW 2014,CBR_Testsuite_Encode_Linux_BDW_CENTOS_autoGFT scenarioFile=HSW_AVC_mencoder_CBR_Prog.csv TestID=16.AVC_ENCODE.PRG.Main_CAVLC.1280x720p
FALSE,55,TRUE,TRUE,TRUE,TRUE,FALSE,FALSE,prod-alpha-linux-main-25111,Linux CENTOS 7 64-bit kernel 3.10,XCODE - HSW 2014,CBR_Testsuite_Encode_Linux_BDW_CENTOS_autoGFT scenarioFile=HSW_AVC_mencoder_CBR_Prog.csv TestID=18.AVC_ENCODE.PRG.High_CAVLC.1280x720p
FALSE,56,TRUE,TRUE,TRUE,TRUE,FALSE,FALSE,prod-alpha-linux-main-25111,Linux CENTOS 7 64-bit kernel 3.10,XCODE - HSW 2014,CBR_Testsuite_Encode_Linux_BDW_CENTOS_autoGFT scenarioFile=HSW_AVC_mencoder_CBR_Prog.csv TestID=2.AVC_ENCODE.PRG.Cons_baseline.720x480p
FALSE,57,TRUE,TRUE,TRUE,TRUE,FALSE,FALSE,prod-alpha-linux-main-25111,Linux CENTOS 7 64-bit kernel 3.10,XCODE - HSW 2014,CBR_Testsuite_Encode_Linux_BDW_CENTOS_autoGFT scenarioFile=HSW_AVC_mencoder_CBR_Prog.csv TestID=21.AVC_ENCODE.PRG.Main_CAVLC.176x144p
FALSE,58,TRUE,TRUE,TRUE,TRUE,FALSE,FALSE,prod-alpha-linux-main-25111,Linux CENTOS 7 64-bit kernel 3.10,XCODE - HSW 2014,CBR_Testsuite_Encode_Linux_BDW_CENTOS_autoGFT scenarioFile=HSW_AVC_mencoder_CBR_Prog.csv TestID=23.AVC_ENCODE.PRG.High_CAVLC.176x144p
FALSE,59,TRUE,TRUE,TRUE,TRUE,FALSE,FALSE,prod-alpha-linux-main-25111,Linux CENTOS 7 64-bit kernel 3.10,XCODE - HSW 2014,CBR_Testsuite_Encode_Linux_BDW_CENTOS_autoGFT scenarioFile=HSW_AVC_mencoder_CBR_Prog.csv TestID=24.AVC_ENCODE.PRG.High_CABAC.176x144p
FALSE,60,TRUE,TRUE,TRUE,TRUE,FALSE,FALSE,prod-alpha-linux-main-25111,Linux CENTOS 7 64-bit kernel 3.10,XCODE - HSW 2014,CBR_Testsuite_Encode_Linux_BDW_CENTOS_autoGFT scenarioFile=HSW_AVC_mencoder_CBR_Prog.csv TestID=20.AVC_ENCODE.PRG.Cons_baseline.176x144p
FALSE,61,TRUE,TRUE,TRUE,TRUE,FALSE,FALSE,prod-alpha-linux-main-25111,Linux CENTOS 7 64-bit kernel 3.10,XCODE - HSW 2014,CBR_Testsuite_Encode_Linux_BDW_CENTOS_autoGFT scenarioFile=HSW_AVC_mencoder_CBR_Prog.csv TestID=3.AVC_ENCODE.PRG.Main_CAVLC.720x480p
FALSE,62,TRUE,TRUE,TRUE,TRUE,FALSE,FALSE,prod-alpha-linux-main-25111,Linux CENTOS 7 64-bit kernel 3.10,XCODE - HSW 2014,CBR_Testsuite_Encode_Linux_BDW_CENTOS_autoGFT scenarioFile=HSW_AVC_mencoder_CBR_Prog.csv TestID=28.AVC_ENCODE.PRG.Main_CAVLC.320x240p
FALSE,63,TRUE,TRUE,TRUE,TRUE,FALSE,FALSE,prod-alpha-linux-main-25111,Linux CENTOS 7 64-bit kernel 3.10,XCODE - HSW 2014,CBR_Testsuite_Encode_Linux_BDW_CENTOS_autoGFT scenarioFile=HSW_AVC_mencoder_CBR_Prog.csv TestID=31.AVC_ENCODE.PRG.baseline.320x180p
FALSE,64,TRUE,TRUE,TRUE,TRUE,FALSE,FALSE,prod-alpha-linux-main-25111,Linux CENTOS 7 64-bit kernel 3.10,XCODE - HSW 2014,CBR_Testsuite_Encode_Linux_BDW_CENTOS_autoGFT scenarioFile=HSW_AVC_mencoder_CBR_Prog.csv TestID=32.AVC_ENCODE.PRG.Cons_baseline.320x180p
FALSE,65,TRUE,TRUE,TRUE,TRUE,FALSE,FALSE,prod-alpha-linux-main-25111,Linux CENTOS 7 64-bit kernel 3.10,XCODE - HSW 2014,CBR_Testsuite_Encode_Linux_BDW_CENTOS_autoGFT scenarioFile=HSW_AVC_mencoder_CBR_Prog.csv TestID=33.AVC_ENCODE.PRG.Main_CABAC.320x180p
FALSE,66,TRUE,TRUE,TRUE,TRUE,FALSE,FALSE,prod-alpha-linux-main-25111,Linux CENTOS 7 64-bit kernel 3.10,XCODE - HSW 2014,CBR_Testsuite_Encode_Linux_BDW_CENTOS_autoGFT scenarioFile=HSW_AVC_mencoder_CBR_Prog.csv TestID=17.AVC_ENCODE.PRG.High_CABAC.1280x720p
FALSE,67,TRUE,TRUE,TRUE,TRUE,FALSE,FALSE,prod-alpha-linux-main-25111,Linux CENTOS 7 64-bit kernel 3.10,XCODE - HSW 2014,CBR_Testsuite_Encode_Linux_BDW_CENTOS_autoGFT scenarioFile=HSW_AVC_mencoder_CBR_Prog.csv TestID=35.AVC_ENCODE.PRG.High_CAVLC.320x180p
FALSE,68,TRUE,TRUE,TRUE,TRUE,FALSE,FALSE,prod-alpha-linux-main-25111,Linux CENTOS 7 64-bit kernel 3.10,XCODE - HSW 2014,CBR_Testsuite_Encode_Linux_BDW_CENTOS_autoGFT scenarioFile=HSW_AVC_mencoder_CBR_Prog.csv TestID=36.AVC_ENCODE.PRG.High_CABAC.320x180p
FALSE,69,TRUE,TRUE,TRUE,TRUE,FALSE,FALSE,prod-alpha-linux-main-25111,Linux CENTOS 7 64-bit kernel 3.10,XCODE - HSW 2014,CBR_Testsuite_Encode_Linux_BDW_CENTOS_autoGFT scenarioFile=HSW_AVC_mencoder_CBR_Prog.csv TestID=37.AVC_ENCODE.PRG.baseline.640x360p
FALSE,70,TRUE,TRUE,TRUE,TRUE,FALSE,FALSE,prod-alpha-linux-main-25111,Linux CENTOS 7 64-bit kernel 3.10,XCODE - HSW 2014,CBR_Testsuite_Encode_Linux_BDW_CENTOS_autoGFT scenarioFile=HSW_AVC_mencoder_CBR_Prog.csv TestID=38.AVC_ENCODE.PRG.Cons_baseline.640x360p
FALSE,71,TRUE,TRUE,TRUE,TRUE,FALSE,FALSE,prod-alpha-linux-main-25111,Linux CENTOS 7 64-bit kernel 3.10,XCODE - HSW 2014,CBR_Testsuite_Encode_Linux_BDW_CENTOS_autoGFT scenarioFile=HSW_AVC_mencoder_CBR_Prog.csv TestID=39.AVC_ENCODE.PRG.Main_CABAC.640x360p
FALSE,72,TRUE,TRUE,TRUE,TRUE,FALSE,FALSE,prod-alpha-linux-main-25111,Linux CENTOS 7 64-bit kernel 3.10,XCODE - HSW 2014,CBR_Testsuite_Encode_Linux_BDW_CENTOS_autoGFT scenarioFile=HSW_AVC_mencoder_CBR_Prog.csv TestID=4.AVC_ENCODE.PRG.Main_CABAC.720x480p
FALSE,73,TRUE,TRUE,TRUE,TRUE,FALSE,FALSE,prod-alpha-linux-main-25111,Linux CENTOS 7 64-bit kernel 3.10,XCODE - HSW 2014,CBR_Testsuite_Encode_Linux_BDW_CENTOS_autoGFT scenarioFile=HSW_AVC_mencoder_CBR_Prog.csv TestID=40.AVC_ENCODE.PRG.Main_CAVLC.640x360p
FALSE,74,TRUE,TRUE,TRUE,TRUE,FALSE,FALSE,prod-alpha-linux-main-25111,Linux CENTOS 7 64-bit kernel 3.10,XCODE - HSW 2014,CBR_Testsuite_Encode_Linux_BDW_CENTOS_autoGFT scenarioFile=HSW_AVC_mencoder_CBR_Prog.csv TestID=41.AVC_ENCODE.PRG.High_CABAC.640x360p
FALSE,75,TRUE,TRUE,TRUE,TRUE,FALSE,FALSE,prod-alpha-linux-main-25111,Linux CENTOS 7 64-bit kernel 3.10,XCODE - HSW 2014,CBR_Testsuite_Encode_Linux_BDW_CENTOS_autoGFT scenarioFile=HSW_AVC_mencoder_CBR_Prog.csv TestID=43.AVC_ENCODE.PRG.baseline.480x320p
FALSE,76,TRUE,TRUE,TRUE,TRUE,FALSE,FALSE,prod-alpha-linux-main-25111,Linux CENTOS 7 64-bit kernel 3.10,XCODE - HSW 2014,CBR_Testsuite_Encode_Linux_BDW_CENTOS_autoGFT scenarioFile=HSW_AVC_mencoder_CBR_Prog.csv TestID=44.AVC_ENCODE.PRG.Cons_baseline.480x320p
FALSE,77,TRUE,TRUE,TRUE,TRUE,FALSE,FALSE,prod-alpha-linux-main-25111,Linux CENTOS 7 64-bit kernel 3.10,XCODE - HSW 2014,CBR_Testsuite_Encode_Linux_BDW_CENTOS_autoGFT scenarioFile=HSW_AVC_mencoder_CBR_Prog.csv TestID=45.AVC_ENCODE.PRG.Main_CABAC.480x320p
FALSE,78,TRUE,TRUE,TRUE,TRUE,FALSE,FALSE,prod-alpha-linux-main-25111,Linux CENTOS 7 64-bit kernel 3.10,XCODE - HSW 2014,CBR_Testsuite_Encode_Linux_BDW_CENTOS_autoGFT scenarioFile=HSW_AVC_mencoder_CBR_Prog.csv TestID=42.AVC_ENCODE.PRG.High_CAVLC.640x360p
FALSE,79,TRUE,TRUE,TRUE,TRUE,FALSE,FALSE,prod-alpha-linux-main-25111,Linux CENTOS 7 64-bit kernel 3.10,XCODE - HSW 2014,CBR_Testsuite_Encode_Linux_BDW_CENTOS_autoGFT scenarioFile=HSW_AVC_mencoder_CBR_Prog.csv TestID=47.AVC_ENCODE.PRG.High_CABAC.480x320p
FALSE,80,TRUE,TRUE,TRUE,TRUE,FALSE,FALSE,prod-alpha-linux-main-25111,Linux CENTOS 7 64-bit kernel 3.10,XCODE - HSW 2014,CBR_Testsuite_Encode_Linux_BDW_CENTOS_autoGFT scenarioFile=HSW_AVC_mencoder_CBR_Prog.csv TestID=46.AVC_ENCODE.PRG.Main_CAVLC.480x320p
FALSE,81,TRUE,TRUE,TRUE,TRUE,FALSE,FALSE,prod-alpha-linux-main-25111,Linux CENTOS 7 64-bit kernel 3.10,XCODE - HSW 2014,CBR_Testsuite_Encode_Linux_BDW_CENTOS_autoGFT scenarioFile=HSW_AVC_mencoder_CBR_Prog.csv TestID=49.AVC_ENCODE.PRG.baseline.366x208p
FALSE,82,TRUE,TRUE,TRUE,TRUE,FALSE,FALSE,prod-alpha-linux-main-25111,Linux CENTOS 7 64-bit kernel 3.10,XCODE - HSW 2014,CBR_Testsuite_Encode_Linux_BDW_CENTOS_autoGFT scenarioFile=HSW_AVC_mencoder_CBR_Prog.csv TestID=5.AVC_ENCODE.PRG.High_CABAC.720x480p
FALSE,83,TRUE,TRUE,TRUE,TRUE,FALSE,FALSE,prod-alpha-linux-main-25111,Linux CENTOS 7 64-bit kernel 3.10,XCODE - HSW 2014,CBR_Testsuite_Encode_Linux_BDW_CENTOS_autoGFT scenarioFile=HSW_AVC_mencoder_CBR_Prog.csv TestID=50.AVC_ENCODE.PRG.High.366x208p
FALSE,84,TRUE,TRUE,TRUE,TRUE,FALSE,FALSE,prod-alpha-linux-main-25111,Linux CENTOS 7 64-bit kernel 3.10,XCODE - HSW 2014,CBR_Testsuite_Encode_Linux_BDW_CENTOS_autoGFT scenarioFile=HSW_AVC_mencoder_CBR_Prog.csv TestID=51.AVC_ENCODE.PRG.Main.366x208p
FALSE,85,TRUE,TRUE,TRUE,TRUE,FALSE,FALSE,prod-alpha-linux-main-25111,Linux CENTOS 7 64-bit kernel 3.10,XCODE - HSW 2014,CBR_Testsuite_Encode_Linux_BDW_CENTOS_autoGFT scenarioFile=HSW_AVC_mencoder_CBR_Prog.csv TestID=7.AVC_ENCODE.PRG.baseline.1920x1080p
FALSE,86,TRUE,TRUE,TRUE,TRUE,FALSE,FALSE,prod-alpha-linux-main-25111,Linux CENTOS 7 64-bit kernel 3.10,XCODE - HSW 2014,CBR_Testsuite_Encode_Linux_BDW_CENTOS_autoGFT scenarioFile=HSW_AVC_mencoder_CBR_Prog.csv TestID=13.AVC_ENCODE.PRG.baseline.1280x720p
FALSE,87,TRUE,TRUE,TRUE,TRUE,FALSE,FALSE,prod-alpha-linux-main-25111,Linux CENTOS 7 64-bit kernel 3.10,XCODE - HSW 2014,CBR_Testsuite_Encode_Linux_BDW_CENTOS_autoGFT scenarioFile=HSW_AVC_mencoder_CBR_Prog.csv TestID=10.AVC_ENCODE.PRG.Main_CAVLC.1920x1080p
FALSE,88,TRUE,TRUE,TRUE,TRUE,FALSE,FALSE,prod-alpha-linux-main-25111,Linux CENTOS 7 64-bit kernel 3.10,XCODE - HSW 2014,CBR_Testsuite_Encode_Linux_BDW_CENTOS_autoGFT scenarioFile=HSW_AVC_mencoder_CBR_Prog.csv TestID=12.AVC_ENCODE.PRG.High_CABAC.1920x1080p
FALSE,89,TRUE,TRUE,TRUE,TRUE,FALSE,FALSE,prod-alpha-linux-main-25111,Linux CENTOS 7 64-bit kernel 3.10,XCODE - HSW 2014,CBR_Testsuite_Encode_Linux_BDW_CENTOS_autoGFT scenarioFile=HSW_AVC_mencoder_CBR_Prog.csv TestID=14.AVC_ENCODE.PRG.Cons_baseline.1280x720p
FALSE,90,TRUE,TRUE,TRUE,TRUE,FALSE,FALSE,prod-alpha-linux-main-25111,Linux CENTOS 7 64-bit kernel 3.10,XCODE - HSW 2014,CBR_Testsuite_Encode_Linux_BDW_CENTOS_autoGFT scenarioFile=HSW_AVC_mencoder_CBR_Prog.csv TestID=15.AVC_ENCODE.PRG.Main_CABAC.1280x720p
FALSE,91,TRUE,TRUE,TRUE,TRUE,FALSE,FALSE,prod-alpha-linux-main-25111,Linux CENTOS 7 64-bit kernel 3.10,XCODE - HSW 2014,CBR_Testsuite_Encode_Linux_BDW_CENTOS_autoGFT scenarioFile=HSW_AVC_mencoder_CBR_Prog.csv TestID=22.AVC_ENCODE.PRG.Main_CABAC.176x144p
FALSE,92,TRUE,TRUE,TRUE,TRUE,FALSE,FALSE,prod-alpha-linux-main-25111,Linux CENTOS 7 64-bit kernel 3.10,XCODE - HSW 2014,CBR_Testsuite_Encode_Linux_BDW_CENTOS_autoGFT scenarioFile=HSW_AVC_mencoder_CBR_Prog.csv TestID=25.AVC_ENCODE.PRG.baseline.320x240p
FALSE,93,TRUE,TRUE,TRUE,TRUE,FALSE,FALSE,prod-alpha-linux-main-25111,Linux CENTOS 7 64-bit kernel 3.10,XCODE - HSW 2014,CBR_Testsuite_Encode_Linux_BDW_CENTOS_autoGFT scenarioFile=HSW_AVC_mencoder_CBR_Prog.csv TestID=26.AVC_ENCODE.PRG.Cons_baseline.320x240p
FALSE,94,TRUE,TRUE,TRUE,TRUE,FALSE,FALSE,prod-alpha-linux-main-25111,Linux CENTOS 7 64-bit kernel 3.10,XCODE - HSW 2014,CBR_Testsuite_Encode_Linux_BDW_CENTOS_autoGFT scenarioFile=HSW_AVC_mencoder_CBR_Prog.csv TestID=27.AVC_ENCODE.PRG.Main_CABAC.320x240p
FALSE,95,TRUE,TRUE,TRUE,TRUE,FALSE,FALSE,prod-alpha-linux-main-25111,Linux CENTOS 7 64-bit kernel 3.10,XCODE - HSW 2014,CBR_Testsuite_Encode_Linux_BDW_CENTOS_autoGFT scenarioFile=HSW_AVC_mencoder_CBR_Prog.csv TestID=29.AVC_ENCODE.PRG.High_CABAC.320x240p
FALSE,96,TRUE,TRUE,TRUE,TRUE,FALSE,FALSE,prod-alpha-linux-main-25111,Linux CENTOS 7 64-bit kernel 3.10,XCODE - HSW 2014,CBR_Testsuite_Encode_Linux_BDW_CENTOS_autoGFT scenarioFile=HSW_AVC_mencoder_CBR_Prog.csv TestID=30.AVC_ENCODE.PRG.High_CAVLC.320x240p
FALSE,97,TRUE,TRUE,TRUE,TRUE,FALSE,FALSE,prod-alpha-linux-main-25111,Linux CENTOS 7 64-bit kernel 3.10,XCODE - HSW 2014,CBR_Testsuite_Encode_Linux_BDW_CENTOS_autoGFT scenarioFile=HSW_AVC_mencoder_CBR_Prog.csv TestID=34.AVC_ENCODE.PRG.Main_CAVLC.320x180p
FALSE,98,TRUE,TRUE,TRUE,TRUE,FALSE,FALSE,prod-alpha-linux-main-25111,Linux CENTOS 7 64-bit kernel 3.10,XCODE - HSW 2014,CBR_Testsuite_Encode_Linux_BDW_CENTOS_autoGFT scenarioFile=HSW_AVC_mencoder_CBR_Prog.csv TestID=48.AVC_ENCODE.PRG.High_CAVLC.480x320p
FALSE,99,TRUE,TRUE,TRUE,TRUE,FALSE,FALSE,prod-alpha-linux-main-25111,Linux CENTOS 7 64-bit kernel 3.10,XCODE - HSW 2014,CBR_Testsuite_Encode_Linux_BDW_CENTOS_autoGFT scenarioFile=HSW_AVC_mencoder_CBR_Prog.csv TestID=8.AVC_ENCODE.PRG.Cons_baseline.1920x1080p
FALSE,100,TRUE,TRUE,TRUE,TRUE,FALSE,FALSE,prod-alpha-linux-main-25111,Linux CENTOS 7 64-bit kernel 3.10,XCODE - HSW 2014,CBR_Testsuite_Encode_Linux_BDW_CENTOS_autoGFT scenarioFile=HSW_AVC_mencoder_CBR_Prog.csv TestID=6.AVC_ENCODE.PRG.High_CAVLC.720x480p
FALSE,101,TRUE,TRUE,TRUE,TRUE,FALSE,FALSE,prod-alpha-linux-main-25111,Linux CENTOS 7 64-bit kernel 3.10,XCODE - HSW 2014,CBR_Testsuite_Encode_Linux_BDW_CENTOS_autoGFT scenarioFile=HSW_AVC_mencoder_CBR_Prog.csv TestID=9.AVC_ENCODE.PRG.Main_CABAC.1920x1080p
FALSE,102,TRUE,TRUE,TRUE,TRUE,FALSE,FALSE,prod-alpha-linux-main-25111,Linux CENTOS 7 64-bit kernel 3.10,XCODE - HSW 2014,CBR_Testsuite_Encode_Linux_BDW_CENTOS_autoGFT scenarioFile=HSW_AVC_mencoder_CBR_Prog.csv TestID=19.AVC_ENCODE.PRG.baseline.176x144p
FALSE,103,TRUE,TRUE,TRUE,TRUE,FALSE,FALSE,prod-alpha-linux-main-25111,Linux CENTOS 7 64-bit kernel 3.10,XCODE - HSW 2014,VBR_Testsuite_Encode_Linux_BDW_CENTOS_autoGFT scenarioFile=HSW_AVC_mencoder_VBR_Prog.csv TestID=1.AVC_ENCODE.PRG.baseline.720x480p
FALSE,104,TRUE,TRUE,TRUE,TRUE,FALSE,FALSE,prod-alpha-linux-main-25111,Linux CENTOS 7 64-bit kernel 3.10,XCODE - HSW 2014,VBR_Testsuite_Encode_Linux_BDW_CENTOS_autoGFT scenarioFile=HSW_AVC_mencoder_VBR_Prog.csv TestID=14.AVC_ENCODE.PRG.Cons_baseline.1280x720p
FALSE,105,TRUE,TRUE,TRUE,TRUE,FALSE,FALSE,prod-alpha-linux-main-25111,Linux CENTOS 7 64-bit kernel 3.10,XCODE - HSW 2014,VBR_Testsuite_Encode_Linux_BDW_CENTOS_autoGFT scenarioFile=HSW_AVC_mencoder_VBR_Prog.csv TestID=17.AVC_ENCODE.PRG.High_CABAC.1280x720p
FALSE,106,TRUE,TRUE,TRUE,TRUE,FALSE,FALSE,prod-alpha-linux-main-25111,Linux CENTOS 7 64-bit kernel 3.10,XCODE - HSW 2014,VBR_Testsuite_Encode_Linux_BDW_CENTOS_autoGFT scenarioFile=HSW_AVC_mencoder_VBR_Prog.csv TestID=12.AVC_ENCODE.PRG.High_CABAC.1920x1080p
FALSE,107,TRUE,TRUE,TRUE,TRUE,FALSE,FALSE,prod-alpha-linux-main-25111,Linux CENTOS 7 64-bit kernel 3.10,XCODE - HSW 2014,VBR_Testsuite_Encode_Linux_BDW_CENTOS_autoGFT scenarioFile=HSW_AVC_mencoder_VBR_Prog.csv TestID=13.AVC_ENCODE.PRG.baseline.1280x720p
FALSE,108,TRUE,TRUE,TRUE,TRUE,FALSE,FALSE,prod-alpha-linux-main-25111,Linux CENTOS 7 64-bit kernel 3.10,XCODE - HSW 2014,VBR_Testsuite_Encode_Linux_BDW_CENTOS_autoGFT scenarioFile=HSW_AVC_mencoder_VBR_Prog.csv TestID=20.AVC_ENCODE.PRG.Cons_baseline.176x144p
FALSE,109,TRUE,TRUE,TRUE,TRUE,FALSE,FALSE,prod-alpha-linux-main-25111,Linux CENTOS 7 64-bit kernel 3.10,XCODE - HSW 2014,VBR_Testsuite_Encode_Linux_BDW_CENTOS_autoGFT scenarioFile=HSW_AVC_mencoder_VBR_Prog.csv TestID=23.AVC_ENCODE.PRG.High_CAVLC.176x144p
FALSE,110,TRUE,TRUE,TRUE,TRUE,FALSE,FALSE,prod-alpha-linux-main-25111,Linux CENTOS 7 64-bit kernel 3.10,XCODE - HSW 2014,VBR_Testsuite_Encode_Linux_BDW_CENTOS_autoGFT scenarioFile=HSW_AVC_mencoder_VBR_Prog.csv TestID=24.AVC_ENCODE.PRG.High_CABAC.176x144p
FALSE,111,TRUE,TRUE,TRUE,TRUE,FALSE,FALSE,prod-alpha-linux-main-25111,Linux CENTOS 7 64-bit kernel 3.10,XCODE - HSW 2014,VBR_Testsuite_Encode_Linux_BDW_CENTOS_autoGFT scenarioFile=HSW_AVC_mencoder_VBR_Prog.csv TestID=26.AVC_ENCODE.PRG.Cons_baseline.320x240p
FALSE,112,TRUE,TRUE,TRUE,TRUE,FALSE,FALSE,prod-alpha-linux-main-25111,Linux CENTOS 7 64-bit kernel 3.10,XCODE - HSW 2014,VBR_Testsuite_Encode_Linux_BDW_CENTOS_autoGFT scenarioFile=HSW_AVC_mencoder_VBR_Prog.csv TestID=27.AVC_ENCODE.PRG.Main_CABAC.320x240p
FALSE,113,TRUE,TRUE,TRUE,TRUE,FALSE,FALSE,prod-alpha-linux-main-25111,Linux CENTOS 7 64-bit kernel 3.10,XCODE - HSW 2014,VBR_Testsuite_Encode_Linux_BDW_CENTOS_autoGFT scenarioFile=HSW_AVC_mencoder_VBR_Prog.csv TestID=28.AVC_ENCODE.PRG.Main_CAVLC.320x240p
FALSE,114,TRUE,TRUE,TRUE,TRUE,FALSE,FALSE,prod-alpha-linux-main-25111,Linux CENTOS 7 64-bit kernel 3.10,XCODE - HSW 2014,VBR_Testsuite_Encode_Linux_BDW_CENTOS_autoGFT scenarioFile=HSW_AVC_mencoder_VBR_Prog.csv TestID=29.AVC_ENCODE.PRG.High_CABAC.320x240p
FALSE,115,TRUE,TRUE,TRUE,TRUE,FALSE,FALSE,prod-alpha-linux-main-25111,Linux CENTOS 7 64-bit kernel 3.10,XCODE - HSW 2014,VBR_Testsuite_Encode_Linux_BDW_CENTOS_autoGFT scenarioFile=HSW_AVC_mencoder_VBR_Prog.csv TestID=3.AVC_ENCODE.PRG.Main_CAVLC.720x480p
FALSE,116,TRUE,TRUE,TRUE,TRUE,FALSE,FALSE,prod-alpha-linux-main-25111,Linux CENTOS 7 64-bit kernel 3.10,XCODE - HSW 2014,VBR_Testsuite_Encode_Linux_BDW_CENTOS_autoGFT scenarioFile=HSW_AVC_mencoder_VBR_Prog.csv TestID=15.AVC_ENCODE.PRG.Main_CABAC.1280x720p
FALSE,117,TRUE,TRUE,TRUE,TRUE,FALSE,FALSE,prod-alpha-linux-main-25111,Linux CENTOS 7 64-bit kernel 3.10,XCODE - HSW 2014,VBR_Testsuite_Encode_Linux_BDW_CENTOS_autoGFT scenarioFile=HSW_AVC_mencoder_VBR_Prog.csv TestID=18.AVC_ENCODE.PRG.High_CAVLC.1280x720p
FALSE,118,TRUE,TRUE,TRUE,TRUE,FALSE,FALSE,prod-alpha-linux-main-25111,Linux CENTOS 7 64-bit kernel 3.10,XCODE - HSW 2014,VBR_Testsuite_Encode_Linux_BDW_CENTOS_autoGFT scenarioFile=HSW_AVC_mencoder_VBR_Prog.csv TestID=33.AVC_ENCODE.PRG.Main_CABAC.320x180p
FALSE,119,TRUE,TRUE,TRUE,TRUE,FALSE,FALSE,prod-alpha-linux-main-25111,Linux CENTOS 7 64-bit kernel 3.10,XCODE - HSW 2014,VBR_Testsuite_Encode_Linux_BDW_CENTOS_autoGFT scenarioFile=HSW_AVC_mencoder_VBR_Prog.csv TestID=34.AVC_ENCODE.PRG.Main_CAVLC.320x180p
FALSE,120,TRUE,TRUE,TRUE,TRUE,FALSE,FALSE,prod-alpha-linux-main-25111,Linux CENTOS 7 64-bit kernel 3.10,XCODE - HSW 2014,VBR_Testsuite_Encode_Linux_BDW_CENTOS_autoGFT scenarioFile=HSW_AVC_mencoder_VBR_Prog.csv TestID=25.AVC_ENCODE.PRG.baseline.320x240p
FALSE,121,TRUE,TRUE,TRUE,TRUE,FALSE,FALSE,prod-alpha-linux-main-25111,Linux CENTOS 7 64-bit kernel 3.10,XCODE - HSW 2014,VBR_Testsuite_Encode_Linux_BDW_CENTOS_autoGFT scenarioFile=HSW_AVC_mencoder_VBR_Prog.csv TestID=35.AVC_ENCODE.PRG.High_CAVLC.320x180p
FALSE,122,TRUE,TRUE,TRUE,TRUE,FALSE,FALSE,prod-alpha-linux-main-25111,Linux CENTOS 7 64-bit kernel 3.10,XCODE - HSW 2014,VBR_Testsuite_Encode_Linux_BDW_CENTOS_autoGFT scenarioFile=HSW_AVC_mencoder_VBR_Prog.csv TestID=36.AVC_ENCODE.PRG.High_CABAC.320x180p
FALSE,123,TRUE,TRUE,TRUE,TRUE,FALSE,FALSE,prod-alpha-linux-main-25111,Linux CENTOS 7 64-bit kernel 3.10,XCODE - HSW 2014,VBR_Testsuite_Encode_Linux_BDW_CENTOS_autoGFT scenarioFile=HSW_AVC_mencoder_VBR_Prog.csv TestID=37.AVC_ENCODE.PRG.baseline.640x360p
FALSE,124,TRUE,TRUE,TRUE,TRUE,FALSE,FALSE,prod-alpha-linux-main-25111,Linux CENTOS 7 64-bit kernel 3.10,XCODE - HSW 2014,VBR_Testsuite_Encode_Linux_BDW_CENTOS_autoGFT scenarioFile=HSW_AVC_mencoder_VBR_Prog.csv TestID=30.AVC_ENCODE.PRG.High_CAVLC.320x240p
FALSE,125,TRUE,TRUE,TRUE,TRUE,FALSE,FALSE,prod-alpha-linux-main-25111,Linux CENTOS 7 64-bit kernel 3.10,XCODE - HSW 2014,VBR_Testsuite_Encode_Linux_BDW_CENTOS_autoGFT scenarioFile=HSW_AVC_mencoder_VBR_Prog.csv TestID=39.AVC_ENCODE.PRG.Main_CABAC.640x360p
FALSE,126,TRUE,TRUE,TRUE,TRUE,FALSE,FALSE,prod-alpha-linux-main-25111,Linux CENTOS 7 64-bit kernel 3.10,XCODE - HSW 2014,VBR_Testsuite_Encode_Linux_BDW_CENTOS_autoGFT scenarioFile=HSW_AVC_mencoder_VBR_Prog.csv TestID=38.AVC_ENCODE.PRG.Cons_baseline.640x360p
FALSE,127,TRUE,TRUE,TRUE,TRUE,FALSE,FALSE,prod-alpha-linux-main-25111,Linux CENTOS 7 64-bit kernel 3.10,XCODE - HSW 2014,VBR_Testsuite_Encode_Linux_BDW_CENTOS_autoGFT scenarioFile=HSW_AVC_mencoder_VBR_Prog.csv TestID=41.AVC_ENCODE.PRG.High_CABAC.640x360p
FALSE,128,TRUE,TRUE,TRUE,TRUE,FALSE,FALSE,prod-alpha-linux-main-25111,Linux CENTOS 7 64-bit kernel 3.10,XCODE - HSW 2014,VBR_Testsuite_Encode_Linux_BDW_CENTOS_autoGFT scenarioFile=HSW_AVC_mencoder_VBR_Prog.csv TestID=4.AVC_ENCODE.PRG.Main_CABAC.720x480p
FALSE,129,TRUE,TRUE,TRUE,TRUE,FALSE,FALSE,prod-alpha-linux-main-25111,Linux CENTOS 7 64-bit kernel 3.10,XCODE - HSW 2014,VBR_Testsuite_Encode_Linux_BDW_CENTOS_autoGFT scenarioFile=HSW_AVC_mencoder_VBR_Prog.csv TestID=40.AVC_ENCODE.PRG.Main_CAVLC.640x360p
FALSE,130,TRUE,TRUE,TRUE,TRUE,FALSE,FALSE,prod-alpha-linux-main-25111,Linux CENTOS 7 64-bit kernel 3.10,XCODE - HSW 2014,VBR_Testsuite_Encode_Linux_BDW_CENTOS_autoGFT scenarioFile=HSW_AVC_mencoder_VBR_Prog.csv TestID=43.AVC_ENCODE.PRG.baseline.480x320p
FALSE,131,TRUE,TRUE,TRUE,TRUE,FALSE,FALSE,prod-alpha-linux-main-25111,Linux CENTOS 7 64-bit kernel 3.10,XCODE - HSW 2014,VBR_Testsuite_Encode_Linux_BDW_CENTOS_autoGFT scenarioFile=HSW_AVC_mencoder_VBR_Prog.csv TestID=42.AVC_ENCODE.PRG.High_CAVLC.640x360p
FALSE,132,TRUE,TRUE,TRUE,TRUE,FALSE,FALSE,prod-alpha-linux-main-25111,Linux CENTOS 7 64-bit kernel 3.10,XCODE - HSW 2014,VBR_Testsuite_Encode_Linux_BDW_CENTOS_autoGFT scenarioFile=HSW_AVC_mencoder_VBR_Prog.csv TestID=10.AVC_ENCODE.PRG.Main_CAVLC.1920x1080p
FALSE,133,TRUE,TRUE,TRUE,TRUE,FALSE,FALSE,prod-alpha-linux-main-25111,Linux CENTOS 7 64-bit kernel 3.10,XCODE - HSW 2014,VBR_Testsuite_Encode_Linux_BDW_CENTOS_autoGFT scenarioFile=HSW_AVC_mencoder_VBR_Prog.csv TestID=11.AVC_ENCODE.PRG.High_CAVLC.1920x1080p
FALSE,134,TRUE,TRUE,TRUE,TRUE,FALSE,FALSE,prod-alpha-linux-main-25111,Linux CENTOS 7 64-bit kernel 3.10,XCODE - HSW 2014,VBR_Testsuite_Encode_Linux_BDW_CENTOS_autoGFT scenarioFile=HSW_AVC_mencoder_VBR_Prog.csv TestID=19.AVC_ENCODE.PRG.baseline.176x144p
FALSE,135,TRUE,TRUE,TRUE,TRUE,FALSE,FALSE,prod-alpha-linux-main-25111,Linux CENTOS 7 64-bit kernel 3.10,XCODE - HSW 2014,VBR_Testsuite_Encode_Linux_BDW_CENTOS_autoGFT scenarioFile=HSW_AVC_mencoder_VBR_Prog.csv TestID=16.AVC_ENCODE.PRG.Main_CAVLC.1280x720p
FALSE,136,TRUE,TRUE,TRUE,TRUE,FALSE,FALSE,prod-alpha-linux-main-25111,Linux CENTOS 7 64-bit kernel 3.10,XCODE - HSW 2014,VBR_Testsuite_Encode_Linux_BDW_CENTOS_autoGFT scenarioFile=HSW_AVC_mencoder_VBR_Prog.csv TestID=2.AVC_ENCODE.PRG.Cons_baseline.720x480p
FALSE,137,TRUE,TRUE,TRUE,TRUE,FALSE,FALSE,prod-alpha-linux-main-25111,Linux CENTOS 7 64-bit kernel 3.10,XCODE - HSW 2014,VBR_Testsuite_Encode_Linux_BDW_CENTOS_autoGFT scenarioFile=HSW_AVC_mencoder_VBR_Prog.csv TestID=21.AVC_ENCODE.PRG.Main_CAVLC.176x144p
FALSE,138,TRUE,TRUE,TRUE,TRUE,FALSE,FALSE,prod-alpha-linux-main-25111,Linux CENTOS 7 64-bit kernel 3.10,XCODE - HSW 2014,VBR_Testsuite_Encode_Linux_BDW_CENTOS_autoGFT scenarioFile=HSW_AVC_mencoder_VBR_Prog.csv TestID=22.AVC_ENCODE.PRG.Main_CABAC.176x144p
FALSE,139,TRUE,TRUE,TRUE,TRUE,FALSE,FALSE,prod-alpha-linux-main-25111,Linux CENTOS 7 64-bit kernel 3.10,XCODE - HSW 2014,VBR_Testsuite_Encode_Linux_BDW_CENTOS_autoGFT scenarioFile=HSW_AVC_mencoder_VBR_Prog.csv TestID=50.AVC_ENCODE.PRG.High.366x208p
FALSE,140,TRUE,TRUE,TRUE,TRUE,FALSE,FALSE,prod-alpha-linux-main-25111,Linux CENTOS 7 64-bit kernel 3.10,XCODE - HSW 2014,VBR_Testsuite_Encode_Linux_BDW_CENTOS_autoGFT scenarioFile=HSW_AVC_mencoder_VBR_Prog.csv TestID=6.AVC_ENCODE.PRG.High_CAVLC.720x480p
FALSE,141,TRUE,TRUE,TRUE,TRUE,FALSE,FALSE,prod-alpha-linux-main-25111,Linux CENTOS 7 64-bit kernel 3.10,XCODE - HSW 2014,VBR_Testsuite_Encode_Linux_BDW_CENTOS_autoGFT scenarioFile=HSW_AVC_mencoder_VBR_Prog.csv TestID=7.AVC_ENCODE.PRG.baseline.1920x1080p
FALSE,142,TRUE,TRUE,TRUE,TRUE,FALSE,FALSE,prod-alpha-linux-main-25111,Linux CENTOS 7 64-bit kernel 3.10,XCODE - HSW 2014,VBR_Testsuite_Encode_Linux_BDW_CENTOS_autoGFT scenarioFile=HSW_AVC_mencoder_VBR_Prog.csv TestID=8.AVC_ENCODE.PRG.Cons_baseline.1920x1080p
FALSE,143,TRUE,TRUE,TRUE,TRUE,FALSE,FALSE,prod-alpha-linux-main-25111,Linux CENTOS 7 64-bit kernel 3.10,XCODE - HSW 2014,VBR_Testsuite_Encode_Linux_BDW_CENTOS_autoGFT scenarioFile=HSW_AVC_mencoder_VBR_Prog.csv TestID=9.AVC_ENCODE.PRG.Main_CABAC.1920x1080p
FALSE,144,TRUE,TRUE,TRUE,TRUE,FALSE,FALSE,prod-alpha-linux-main-25111,Linux CENTOS 7 64-bit kernel 3.10,XCODE - HSW 2014,VBR_Testsuite_Encode_Linux_BDW_CENTOS_autoGFT scenarioFile=HSW_AVC_mencoder_VBR_Prog.csv TestID=47.AVC_ENCODE.PRG.High_CABAC.480x320p
FALSE,145,TRUE,TRUE,TRUE,TRUE,FALSE,FALSE,prod-alpha-linux-main-25111,Linux CENTOS 7 64-bit kernel 3.10,XCODE - HSW 2014,VBR_Testsuite_Encode_Linux_BDW_CENTOS_autoGFT scenarioFile=HSW_AVC_mencoder_VBR_Prog.csv TestID=49.AVC_ENCODE.PRG.baseline.366x208p
FALSE,146,TRUE,TRUE,TRUE,TRUE,FALSE,FALSE,prod-alpha-linux-main-25111,Linux CENTOS 7 64-bit kernel 3.10,XCODE - HSW 2014,VBR_Testsuite_Encode_Linux_BDW_CENTOS_autoGFT scenarioFile=HSW_AVC_mencoder_VBR_Prog.csv TestID=31.AVC_ENCODE.PRG.baseline.320x180p
FALSE,147,TRUE,TRUE,TRUE,TRUE,FALSE,FALSE,prod-alpha-linux-main-25111,Linux CENTOS 7 64-bit kernel 3.10,XCODE - HSW 2014,VBR_Testsuite_Encode_Linux_BDW_CENTOS_autoGFT scenarioFile=HSW_AVC_mencoder_VBR_Prog.csv TestID=51.AVC_ENCODE.PRG.Main.366x208p
FALSE,148,TRUE,TRUE,TRUE,TRUE,FALSE,FALSE,prod-alpha-linux-main-25111,Linux CENTOS 7 64-bit kernel 3.10,XCODE - HSW 2014,VBR_Testsuite_Encode_Linux_BDW_CENTOS_autoGFT scenarioFile=HSW_AVC_mencoder_VBR_Prog.csv TestID=32.AVC_ENCODE.PRG.Cons_baseline.320x180p
FALSE,149,TRUE,TRUE,TRUE,TRUE,FALSE,FALSE,prod-alpha-linux-main-25111,Linux CENTOS 7 64-bit kernel 3.10,XCODE - HSW 2014,VBR_Testsuite_Encode_Linux_BDW_CENTOS_autoGFT scenarioFile=HSW_AVC_mencoder_VBR_Prog.csv TestID=44.AVC_ENCODE.PRG.Cons_baseline.480x320p
FALSE,150,TRUE,TRUE,TRUE,TRUE,FALSE,FALSE,prod-alpha-linux-main-25111,Linux CENTOS 7 64-bit kernel 3.10,XCODE - HSW 2014,VBR_Testsuite_Encode_Linux_BDW_CENTOS_autoGFT scenarioFile=HSW_AVC_mencoder_VBR_Prog.csv TestID=45.AVC_ENCODE.PRG.Main_CABAC.480x320p
FALSE,151,TRUE,TRUE,TRUE,TRUE,FALSE,FALSE,prod-alpha-linux-main-25111,Linux CENTOS 7 64-bit kernel 3.10,XCODE - HSW 2014,VBR_Testsuite_Encode_Linux_BDW_CENTOS_autoGFT scenarioFile=HSW_AVC_mencoder_VBR_Prog.csv TestID=46.AVC_ENCODE.PRG.Main_CAVLC.480x320p
FALSE,152,TRUE,TRUE,TRUE,TRUE,FALSE,FALSE,prod-alpha-linux-main-25111,Linux CENTOS 7 64-bit kernel 3.10,XCODE - HSW 2014,VBR_Testsuite_Encode_Linux_BDW_CENTOS_autoGFT scenarioFile=HSW_AVC_mencoder_VBR_Prog.csv TestID=48.AVC_ENCODE.PRG.High_CAVLC.480x320p
FALSE,153,TRUE,TRUE,TRUE,TRUE,FALSE,FALSE,prod-alpha-linux-main-25111,Linux CENTOS 7 64-bit kernel 3.10,XCODE - HSW 2014,VBR_Testsuite_Encode_Linux_BDW_CENTOS_autoGFT scenarioFile=HSW_AVC_mencoder_VBR_Prog.csv TestID=5.AVC_ENCODE.PRG.High_CABAC.720x480p
